{
    "name": "sdcc with gnu patch for stm8",
    "id": "GNU_SDCC_STM8",
    "useUnixPath": true,
    "global": {
        "out-debug-info": {
            "type": "selectable",
            "command": {
                "true": "--debug",
                "false": ""
            },
            "group": [
                "c/cpp",
                "asm"
            ]
        },
        "misc-controls": {
            "type": "list",
            "command": "",
            "group": [
                "c/cpp",
                "asm",
                "linker"
            ]
        }
    },
    "groups": {
        "c/cpp": {
            "$path": "bin\\sdcc.exe",
            "$includes": {
                "body": "-I${value}"
            },
            "$defines": {
                "body": "-D${key}=${value}"
            },
            "$invoke": {
                "useFile": false,
                "body": "${value}"
            },
            "$output": "-MD -o ${out} ${in}",
            "$outputSuffix": ".o",
            "$default": [
                "-c",
                "-mstm8",
                "--asm=gas",
                "--out-fmt-elf"
            ],
            "$language-c": {
                "type": "selectable",
                "command": {
                    "c89": "--std-c89",
                    "sdcc89": "--std-sdcc89",
                    "c95": "--std-c95",
                    "c99": "--std-c99",
                    "sdcc99": "--std-sdcc99",
                    "c11": "--std-c11",
                    "sdcc11": "--std-sdcc11",
                    "c2x": "--std-c2x",
                    "sdcc2x": "--std-sdcc2x",
                    "false": "--std-c99"
                }
            },
            "optimize-type": {
                "type": "selectable",
                "command": {
                    "speed": "--opt-code-speed",
                    "size": "--opt-code-size",
                    "false": ""
                }
            },
            "one-elf-section-per-function": {
                "type": "selectable",
                "command": {
                    "true": "--function-sections",
                    "false": ""
                }
            },
            "one-elf-section-per-data": {
                "type": "selectable",
                "command": {
                    "true": "--data-sections",
                    "false": ""
                }
            },
            "stack-auto": {
                "type": "selectable",
                "command": {
                    "true": "--stack-auto",
                    "false": ""
                }
            },
            "use-external-stack": {
                "type": "selectable",
                "command": {
                    "true": "--xstack",
                    "false": ""
                }
            },
            "int-long-reent": {
                "type": "selectable",
                "command": {
                    "true": "--int-long-reent",
                    "false": ""
                }
            },
            "float-reent": {
                "type": "selectable",
                "command": {
                    "true": "--float-reent",
                    "false": ""
                }
            },
            "xram-movc": {
                "type": "selectable",
                "command": {
                    "true": "--xram-movc",
                    "false": ""
                }
            },
            "noinit-xram-from-code": {
                "type": "selectable",
                "command": {
                    "true": "--no-xinit-opt",
                    "false": ""
                }
            },
            "peep-asm": {
                "type": "selectable",
                "command": {
                    "true": "--peep-asm",
                    "false": ""
                }
            },
            "peep-return": {
                "type": "selectable",
                "command": {
                    "true": "--peep-return",
                    "false": ""
                }
            },
            "plain-char-is-signed": {
                "type": "selectable",
                "command": {
                    "true": "--fsigned-char",
                    "false": ""
                }
            },
            "allow-unsafe-read": {
                "type": "selectable",
                "command": {
                    "true": "--allow-unsafe-read",
                    "false": ""
                }
            },
            "no-optimize-std-lib": {
                "type": "selectable",
                "command": {
                    "true": "--nostdlibcall",
                    "false": ""
                }
            },
            "use-non-free": {
                "type": "selectable",
                "command": {
                    "true": "--use-non-free",
                    "false": ""
                }
            }
        },
        "asm": {
            "$path": "bin\\stm8-as.exe",
            "$includes": {
                "body": "-I${value}"
            },
            "$invoke": {
                "useFile": true,
                "body": "@${value}"
            },
            "$output": "-MD -o ${out} ${in}",
            "$outputSuffix": ".o",
            "$default": [],
            "defines": {
                "type": "list",
                "command": "--defsym "
            }
        },
        "linker": {
            "$path": "bin\\stm8-ld.exe",
            "$libs": {
                "body": "-L${value}"
            },
            "$invoke": {
                "useFile": true,
                "body": "@${value}"
            },
            "$default-tail": [
                "--print-memory-usage"
            ],
            "$linkMap": {
                "type": "value",
                "command": "-Map ${mapPath}"
            },
            "linker-script": {
                "type": "list",
                "command": "-T "
            },
            "$LIB_FLAGS": {
                "type": "list",
                "command": ""
            },
            "$objPathSep": " ",
            "$outputSuffix": ".elf",
            "$output": "-o ${out} ${in} ${lib_flags}",
            "$outputBin": [
                {
                    "name": "output hex file",
                    "toolPath": "bin\\stm8-objcopy.exe",
                    "outputSuffix": ".hex",
                    "command": "-O ihex ${linkerOutput} ${output}"
                },
                {
                    "name": "output bin file",
                    "toolPath": "bin\\stm8-objcopy.exe",
                    "outputSuffix": ".bin",
                    "command": "-O binary ${linkerOutput} ${output}"
                }
            ],
            "remove-unused-sections": {
                "type": "selectable",
                "command": {
                    "true": "--gc-sections",
                    "false": ""
                }
            }
        },
        "linker-lib": {
            "$path": "bin\\stm8-ar.exe",
            "$invoke": {
                "useFile": true,
                "body": "@${value}"
            },
            "$output": "-rcv ${out} ${in}",
            "$outputSuffix": ".a"
        }
    }
}