﻿{
    "name": "IAR C Compiler For STM8",
    "id": "IAR_STM8",
    "global": {
        "code-mode": {
            "type": "keyValue",
            "command": "--code_model ",
            "enum": {
                "small": "small",
                "medium": "medium",
                "large": "large",
                "default": "small"
            },
            "group": [
                "c",
                "cpp",
                "asm"
            ],
            "location": "first"
        },
        "data-mode": {
            "type": "keyValue",
            "command": "--data_model ",
            "enum": {
                "small": "small",
                "medium": "medium",
                "large": "large",
                "default": "medium"
            },
            "group": [
                "c",
                "cpp",
                "asm"
            ],
            "location": "first"
        },
        "output-debug-info": {
            "type": "selectable",
            "command": {
                "enable": "--debug",
                "disable": "",
                "false": ""
            },
            "group": [
                "c",
                "cpp",
                "asm"
            ]
        },
        "printf-formatter": {
            "type": "selectable",
            "command": {
                "auto": "",
                "tiny": "--redirect _Printf=_PrintfTiny",
                "small": "--redirect _Printf=_PrintfSmall",
                "small-without-multibyte": "--redirect _Printf=_PrintfSmallNoMb",
                "large": "--redirect _Printf=_PrintfLarge",
                "large-without-multibyte": "--redirect _Printf=_PrintfLargeNoMb",
                "full": "--redirect _Printf=_PrintfFull",
                "full-without-multibyte": "--redirect _Printf=_PrintfFullNoMb",
                "false": ""
            },
            "group": [
                "linker"
            ]
        },
        "scanf-formatter": {
            "type": "selectable",
            "command": {
                "auto": "",
                "small": "--redirect _Scanf=_ScanfSmall",
                "small-without-multibyte": "--redirect _Scanf=_ScanfSmallNoMb",
                "large": "--redirect _Scanf=_ScanfLarge",
                "large-without-multibyte": "--redirect _Scanf=_ScanfLargeNoMb",
                "full": "--redirect _Scanf=_ScanfFull",
                "full-without-multibyte": "--redirect _Scanf=_ScanfFullNoMb",
                "false": ""
            },
            "group": [
                "linker"
            ]
        },
        "math-functions": {
            "type": "selectable",
            "command": {
                "smaller": "--redirect cos=__iar_cos_small --redirect cosf=__iar_cos_smallf --redirect cosl=__iar_cos_smalll --redirect exp=__iar_exp_small --redirect expf=__iar_exp_smallf --redirect expl=__iar_exp_smalll --redirect log10=__iar_log10_small --redirect log10f=__iar_log10_smallf --redirect log10l=__iar_log10_smalll --redirect log2=__iar_log2_small --redirect log2f=__iar_log2_smallf --redirect log2l=__iar_log2_smalll --redirect log=__iar_log_small --redirect logf=__iar_log_smallf --redirect logl=__iar_log_smalll --redirect pow=__iar_pow_small --redirect powf=__iar_pow_smallf --redirect powl=__iar_pow_smalll --redirect sin=__iar_sin_small --redirect sinf=__iar_sin_smallf --redirect sinl=__iar_sin_smalll --redirect tan=__iar_tan_small --redirect tanf=__iar_tan_smallf --redirect tanl=__iar_tan_smalll --redirect __iar_Sin=__iar_Sin_small --redirect __iar_Log=__iar_Log_small",
                "default": "",
                "false": ""
            },
            "group": [
                "linker"
            ]
        },
        "misc-controls": {
            "type": "list",
            "command": "",
            "group": [
                "c",
                "cpp",
                "asm",
                "linker"
            ]
        }
    },
    "groups": {
        "c": {
            "$path": "stm8\\bin\\iccstm8.exe",
            "$includes": {
                "body": "-I ${value}"
            },
            "$defines": {
                "body": "-D ${key}=${value}"
            },
            "$invoke": {
                "useFile": true,
                "body": "-f ${value}"
            },
            "$output": "--dependencies=m + -o ${out} ${in}",
            "$default": [
                "--silent"
            ],
            "$listPath": {
                "type": "value",
                "command": "-lCN ${listPath}"
            },
            "$language-c": {
                "type": "selectable",
                "command": {
                    "false": "",
                    "c99": "",
                    "c89": "--c89"
                }
            },
            "runtime-lib": {
                "type": "value",
                "command": "--dlib_config "
            },
            "allow-VLA": {
                "type": "selectable",
                "command": {
                    "true": "--vla",
                    "false": ""
                }
            },
            "require-prototypes": {
                "type": "selectable",
                "command": {
                    "true": "--require_prototypes",
                    "false": ""
                }
            },
            "language-conformance": {
                "type": "selectable",
                "command": {
                    "strict": "--strict",
                    "standard": "",
                    "IAR-extensions": "-e",
                    "false": "-e"
                }
            },
            "plain-char-is-signed": {
                "type": "selectable",
                "command": {
                    "true": "--char_is_signed",
                    "false": ""
                }
            },
            "floating-point": {
                "type": "selectable",
                "command": {
                    "true": "--relaxed_fp",
                    "false": ""
                }
            },
            "multibyte-support": {
                "type": "selectable",
                "command": {
                    "true": "--enable_multibytes",
                    "false": ""
                }
            },
            "virtual-bytes": {
                "type": "selectable",
                "command": {
                    "16": "--vregs 16",
                    "12": "--vregs 12",
                    "false": "--vregs 16"
                }
            },
            "optimization": {
                "type": "selectable",
                "command": {
                    "no": "-On --no_cse --no_unroll --no_inline --no_code_motion --no_tbaa --no_cross_call",
                    "low": "-Ol --no_cse --no_unroll --no_inline --no_code_motion --no_tbaa --no_cross_call",
                    "medium": "-Om --no_unroll --no_inline --no_tbaa --no_cross_call",
                    "high": "-Oh",
                    "size": "-Ohz",
                    "speed": "-Ohs --no_cross_call",
                    "speed-no-size-constraints": "-Ohs --no_cross_call --no_size_constraints",
                    "false": "-Ol --no_cse --no_unroll --no_inline --no_code_motion --no_tbaa --no_cross_call"
                }
            },
            "turn-Warning-into-errors": {
                "type": "selectable",
                "command": {
                    "true": "--warnings_are_errors",
                    "false": ""
                }
            }
        },
        "cpp": {
            "$path": "stm8\\bin\\iccstm8.exe",
            "$includes": {
                "body": "-I ${value}"
            },
            "$defines": {
                "body": "-D ${key}=${value}"
            },
            "$invoke": {
                "useFile": true,
                "body": "-f ${value}"
            },
            "$output": "--dependencies=m + -o ${out} ${in}",
            "$default": [
                "--silent"
            ],
            "$listPath": {
                "type": "value",
                "command": "-lCN ${listPath}"
            },
            "$language-cpp": {
                "type": "selectable",
                "command": {
                    "Embedded-C++": "--ec++",
                    "Extended-EC++": "--eec++",
                    "false": "--eec++"
                }
            },
            "runtime-lib": {
                "type": "value",
                "command": "--dlib_config "
            },
            "destroy-cpp-static-object": {
                "type": "selectable",
                "command": {
                    "true": "",
                    "false": "--no_static_destruction"
                }
            },
            "require-prototypes": {
                "type": "selectable",
                "command": {
                    "true": "--require_prototypes",
                    "false": ""
                }
            },
            "language-conformance": {
                "type": "selectable",
                "command": {
                    "strict": "--strict",
                    "standard": "",
                    "IAR-extensions": "-e",
                    "false": "-e"
                }
            },
            "plain-char-is-signed": {
                "type": "selectable",
                "command": {
                    "true": "--char_is_signed",
                    "false": ""
                }
            },
            "floating-point": {
                "type": "selectable",
                "command": {
                    "true": "--relaxed_fp",
                    "false": ""
                }
            },
            "multibyte-support": {
                "type": "selectable",
                "command": {
                    "true": "--enable_multibytes",
                    "false": ""
                }
            },
            "virtual-bytes": {
                "type": "selectable",
                "command": {
                    "16": "--vregs 16",
                    "12": "--vregs 12",
                    "false": "--vregs 16"
                }
            },
            "optimization": {
                "type": "selectable",
                "command": {
                    "no": "-On --no_cse --no_unroll --no_inline --no_code_motion --no_tbaa --no_cross_call",
                    "low": "-Ol --no_cse --no_unroll --no_inline --no_code_motion --no_tbaa --no_cross_call",
                    "medium": "-Om --no_unroll --no_inline --no_tbaa --no_cross_call",
                    "high": "-Oh",
                    "size": "-Ohz",
                    "speed": "-Ohs --no_cross_call",
                    "speed-no-size-constraints": "-Ohs --no_cross_call --no_size_constraints",
                    "false": "-Ol --no_cse --no_unroll --no_inline --no_code_motion --no_tbaa --no_cross_call"
                }
            },
            "turn-Warning-into-errors": {
                "type": "selectable",
                "command": {
                    "true": "--warnings_are_errors",
                    "false": ""
                }
            }
        },
        "asm": {
            "$path": "stm8\\bin\\iasmstm8.exe",
            "$includes": {
                "body": "-I ${value}"
            },
            "$invoke": {
                "useFile": true,
                "body": "-f ${value}"
            },
            "$output": "--dependencies=m + -o ${out} ${in}",
            "$default": [
                "--silent"
            ],
            "$listPath": {
                "type": "value",
                "command": "-lxN ${listPath}"
            },
            "defines": {
                "type": "list",
                "command": "-D "
            },
            "case-sensitive-user-symbols": {
                "type": "selectable",
                "command": {
                    "true": "",
                    "false": "--case_insensitive"
                }
            },
            "multibyte-support": {
                "type": "selectable",
                "command": {
                    "true": "--enable_multibytes",
                    "false": ""
                }
            },
            "allow-mnemonics-first-column": {
                "type": "selectable",
                "command": {
                    "true": "--mnem_first",
                    "false": ""
                }
            },
            "allow-directives-first-column": {
                "type": "selectable",
                "command": {
                    "true": "--dir_first",
                    "false": ""
                }
            }
        },
        "linker": {
            "$path": "stm8\\bin\\ilinkstm8.exe",
            "$invoke": {
                "useFile": true,
                "body": "-f ${value}"
            },
            "$default": [
                "--silent"
            ],
            "$output": "${in} -o ${out}",
            "$outputSuffix": ".out",
            "$matcher": [
                "of readonly\\s+code memory",
                "of readonly\\s+data memory",
                "of readwrite\\s+data memory"
            ],
            "$linkMap": {
                "type": "value",
                "command": "--map ${mapPath}"
            },
            "linker-config": {
                "type": "value",
                "command": "--config "
            },
            "config-defines": {
                "type": "list",
                "command": "--config_def "
            },
            "program-entry": {
                "type": "value",
                "command": "--entry "
            },
            "auto-search-runtime-lib": {
                "type": "selectable",
                "command": {
                    "true": "",
                    "false": "--no_library_search"
                }
            },
            "use-C_SPY-debug-lib": {
                "type": "selectable",
                "command": {
                    "true": "--debug_lib",
                    "false": ""
                }
            },
            "merge-duplicate-sections": {
                "type": "selectable",
                "command": {
                    "true": "--merge_duplicate_sections",
                    "false": ""
                }
            },
            "$outputBin": [
                {
                    "name": "output hex file",
                    "toolPath": "stm8\\bin\\ielftool.exe",
                    "outputSuffix": ".hex",
                    "command": "--silent --ihex ${linkerOutput} ${output}"
                },
                {
                    "name": "output bin file",
                    "toolPath": "stm8\\bin\\ielftool.exe",
                    "outputSuffix": ".bin",
                    "command": "--silent --bin ${linkerOutput} ${output}"
                }
            ]
        },
        "linker-lib": {
            "$path": "stm8\\bin\\iarchive.exe",
            "$invoke": {
                "useFile": true,
                "body": "-f ${value}"
            },
            "$objPathSep": " ",
            "$outputSuffix": ".lib",
            "$output": "--create ${in} -o ${out}"
        }
    }
}